SEQ_NO,SCCNT_YM,ORIGIN_ID,REPRSNT_KWRD_NM,SRCHWRD_NM,SCCNT_VALUE,ORIGIN_CL_NM
37378,2023-09,416,김포예술제,김포예술제,370,문화축제
37585,2023-09,314,우륵문화제,우륵문화제,22840,문화축제
37228,2023-09,997,2014 안양시민축제,안양시민축제,5950,문화축제
37229,2023-09,992,2015 안양 시민축제,안양시민축제,5950,문화축제
37230,2023-09,396,2016 대가야체험축제,대가야체험축제,13,문화축제
37231,2023-09,945,2016 대구약령시한방문화축제,대구약령시한방문화축제,90,문화축제
37232,2023-09,994,2016 안양 시민축제,안양시민축제,5950,문화축제
37233,2023-09,996,2016 제5회 안양공공예술프로젝트,안양공공예술프로젝트,7890,문화축제
37234,2023-09,819,2016 평생학습 박람회 & 제6회 도서관책문화축제,평생학습박람회,410,문화축제
37235,2023-09,283,2017 겨울공주군밤축제,겨울공주군밤축제,120,문화축제
37236,2023-09,952,2017 대구약령시한방문화축제,대구약령시한방문화축제,90,문화축제
37237,2023-09,1001,2017 안양 시민축제,안양시민축제,5950,문화축제
37238,2023-09,998,2017 안양충훈벚꽃축제,안양충훈벚꽃축제,17,문화축제
37239,2023-09,628,2017 얼음나라화천 산천어축제,얼음나라화천산천어축제,700,문화축제
37240,2023-09,4,2017 영동곶감축제,영동곶감축제,640,문화축제
37241,2023-09,385,2017 음식 문화축제,음식문화축제,470,문화축제
37242,2023-09,289,2018 계룡산벚꽃축제,계룡산벚꽃축제,20,문화축제
37243,2023-09,287,2018 계룡산산신제,계룡산산신제,13,문화축제
37244,2023-09,286,2018 공주 석장리 세계구석기축제,공주석장리세계구석기축제,80,문화축제
37245,2023-09,962,2018 대구약령시한방문화축제,대구약령시한방문화축제,90,문화축제
37246,2023-09,290,2018 마곡사토요무대,마곡사토요무대,20,문화축제
37247,2023-09,1123,2018 무안황토갯벌축제,무안황토갯벌축제,40,문화축제
37248,2023-09,284,2018 백제어울마당,백제어울마당,40,문화축제
37249,2023-09,799,2018 안산 김홍도축제,안산김홍도축제,2610,문화축제
37250,2023-09,1005,2018 안양 시민축제,안양시민축제,5950,문화축제
37251,2023-09,1002,2018 안양충훈벚꽃축제,안양충훈벚꽃축제,17,문화축제
37252,2023-09,285,2018 웅진성수문병 근무교대식,웅진성수문병근무교대식,15,문화축제
37253,2023-09,386,2018 음식 문화축제,음식문화축제,470,문화축제
37254,2023-09,501,2018 전주비빔밥축제,전주비빔밥축제,8320,문화축제
37255,2023-09,463,2018 제2회 광진교 페스티벌,광진교페스티벌,12,문화축제
37256,2023-09,444,2018 종로한복축제,종로한복축제,710,문화축제
37257,2023-09,1094,2019 강남페스티벌,강남페스티벌,12640,문화축제
37258,2023-09,298,2019 계룡산벚꽃축제,계룡산벚꽃축제,20,문화축제
37259,2023-09,296,2019 계룡산산신제,계룡산산신제,13,문화축제
37260,2023-09,609,2019 고양가을꽃축제,고양가을꽃축제,46450,문화축제
37261,2023-09,597,2019 고양국제꽃박람회,고양국제꽃박람회,1890,문화축제
37262,2023-09,602,2019 고양행주문화제,고양행주문화제,190,문화축제
37263,2023-09,610,2019 고양호수예술축제,고양호수예술축제,9840,문화축제
37264,2023-09,295,2019 공주 석장리 구석기축제,공주석장리구석기축제,17,문화축제
37265,2023-09,306,2019 군포철쭉축제,군포철쭉축제,250,문화축제
37266,2023-09,223,2019 금정산성축제,금정산성축제,110,문화축제
37267,2023-09,333,2019 노은한마음축제,노은한마음축제,37,문화축제
37268,2023-09,975,2019 대구약령시한방문화축제,대구약령시한방문화축제,90,문화축제
37269,2023-09,873,2019 대전 서구힐링 아트페스티벌,대전서구힐링아트페스티벌,8580,문화축제
37270,2023-09,836,2019 대한민국 국향대전,대한민국국향대전,160,문화축제
37271,2023-09,329,2019 대한민국 온천대축제,대한민국온천대축제,16,문화축제
37272,2023-09,293,2019 백제어울마당,백제어울마당,40,문화축제
37273,2023-09,150,2019 보정역생활문화센터 <청춘파티  - 특별프로그램>,보정역생활문화센터,210,문화축제
37274,2023-09,889,2019 부평풍물대축제,부평풍물대축제,59630,문화축제
37275,2023-09,887,2019 서귀포과학문화축전,서귀포과학문화축전,220,문화축제
37276,2023-09,384,2019 수원등불축제,수원등불축제,49,문화축제
37277,2023-09,382,2019 수원연극축제,수원연극축제,80,문화축제
37278,2023-09,365,2019 순천 푸드앤아트 페스티벌,순천푸드앤아트페스티벌,5710,문화축제
37279,2023-09,1057,2019 안성맞춤 남사당 바우덕이축제,안성맞춤남사당바우덕이축제,2960,문화축제
37280,2023-09,1047,2019 양주 천만송이 천일홍 축제,양주천만송이천일홍축제,13130,문화축제
37281,2023-09,980,2019 여주오곡나루축제(취소),여주오곡나루축제,5150,문화축제
37282,2023-09,36,2019 예천세계활축제,예천세계활축제,20,문화축제
37283,2023-09,894,2019 오륙도 평화축제,오륙도평화축제,19,문화축제
37284,2023-09,294,2019 웅진성수문병 근무교대식,웅진성수문병근무교대식,15,문화축제
37285,2023-09,387,2019 음식 문화축제,음식문화축제,470,문화축제
37286,2023-09,54,2019 정읍벚꽃축제,정읍벚꽃축제,20,문화축제
37287,2023-09,462,2019 제8회 서울동화축제,서울동화축제,70,문화축제
37288,2023-09,864,2019 제주 메밀축제,제주메밀축제,200,문화축제
37289,2023-09,664,2019 제주들불축제,제주들불축제,1490,문화축제
37290,2023-09,665,2019 제주왕벚꽃축제,제주왕벚꽃축제,40,문화축제
37291,2023-09,400,2019 진안홍삼축제,진안홍삼축제,39730,문화축제
37292,2023-09,62,2019 하하페스티벌,하하페스티벌,40,문화축제
37293,2023-09,292,2019겨울공주군밤축제,겨울공주군밤축제,120,문화축제
37294,2023-09,189,2019계룡세계軍문화축제,계룡세계군문화축제,60,문화축제
37295,2023-09,513,2019년 울산 마두희 축제,울산마두희축제,40,문화축제
37296,2023-09,506,2019년 제15회 해운대모래축제,해운대모래축제,810,문화축제
37297,2023-09,487,2019청도반시축제,청도반시축제,9830,문화축제
37298,2023-09,488,2019청도세계코미디아트페스티벌,청도세계코미디아트페스티벌,1550,문화축제
37299,2023-09,485,2019청도소싸움축제,청도소싸움축제,180,문화축제
37300,2023-09,694,2019컬러풀대구페스티벌,컬러풀대구페스티벌,20,문화축제
37301,2023-09,1034,DMZ마라톤대회,DMZ마라톤대회,60,문화축제
37302,2023-09,910,「제34회 대구약령시 한방문화축제」,대구약령시한방문화축제,90,문화축제
37303,2023-09,917,「제35회 대구약령시 한방문화축제」,대구약령시한방문화축제,90,문화축제
37304,2023-09,924,「제36회 대구약령시 한방문화축제」,대구약령시한방문화축제,90,문화축제
37305,2023-09,931,「제37회 대구약령시 한방문화축제」,대구약령시한방문화축제,90,문화축제
37306,2023-09,235,가야문화축제,가야문화축제,550,문화축제
37307,2023-09,845,가파도청보리축제,가파도청보리축제,110,문화축제
37308,2023-09,1120,간절곶해맞이,간절곶해맞이,15,문화축제
37309,2023-09,1046,감악문화축제,감악문화축제,560,문화축제
37310,2023-09,366,감천문화마을 골목축제,감천문화마을골목축제,230,문화축제
37311,2023-09,111,강감찬축제,강감찬축제,2430,문화축제
37312,2023-09,187,강경젓갈축제,강경젓갈축제,5870,문화축제
37313,2023-09,586,강동선사문화축제,강동선사문화축제,5270,문화축제
37314,2023-09,763,강릉단오제,강릉단오제,3660,문화축제
37315,2023-09,764,강릉커피축제,강릉커피축제,15160,문화축제
37316,2023-09,115,개천예술제,개천예술제,14420,문화축제
37317,2023-09,989,개화산 봄꽃축제,개화산봄꽃축제,10,문화축제
37318,2023-09,359,거문도백도은빛바다체험행사,거문도백도은빛바다체험행사,19,문화축제
37319,2023-09,436,거제 섬꽃축제,거제섬꽃축제,2830,문화축제
37320,2023-09,430,거제 옥포대첩 축제,거제옥포대첩축제,20,문화축제
37321,2023-09,434,거제맥주축제,거제맥주축제,390,문화축제
37322,2023-09,435,거제몽돌해변축제,거제몽돌해변축제,20,문화축제
37323,2023-09,615,거창크리스마스트리문화축제,거창크리스마스트리문화축제,19,문화축제
37324,2023-09,614,거창한마당대축제,거창한마당대축제,2350,문화축제
37325,2023-09,101,겨울왕국 제천페스티벌,겨울왕국제천페스티벌,10,문화축제
37326,2023-09,767,경산갓바위소원성취축제,경산갓바위소원성취축제,820,문화축제
37327,2023-09,766,경산자인단오제,경산자인단오제,120,문화축제
37328,2023-09,376,경주세계차문화축제,경주세계차문화축제,890,문화축제
37329,2023-09,760,계룡군문화축제,계룡군문화축제,14790,문화축제
37330,2023-09,171,계룡산벚꽃축제,계룡산벚꽃축제,20,문화축제
37331,2023-09,280,계룡산산신제,계룡산산신제,13,문화축제
37332,2023-09,103,계양산국악제,계양산국악제,20,문화축제
37333,2023-09,753,고려산진달래축제,고려산진달래축제,120,문화축제
37334,2023-09,27,고로쇠축제,고로쇠축제,40,문화축제
37335,2023-09,738,고서포도축제,고서포도축제,180,문화축제
37336,2023-09,1105,고스트파크,고스트파크,300,문화축제
37337,2023-09,326,고창갯벌축제,고창갯벌축제,240,문화축제
37338,2023-09,322,고창모양성제,고창모양성제,5200,문화축제
37339,2023-09,325,고창복분자와수박축제,고창복분자와수박축제,80,문화축제
37340,2023-09,323,고창청보리밭축제,고창청보리밭축제,1040,문화축제
37341,2023-09,328,고창해풍고추축제,고창해풍고추축제,120,문화축제
37342,2023-09,490,고흥 우주항공 축제,고흥우주항공축제,70,문화축제
37343,2023-09,1087,곡성세계장미축제,곡성세계장미축제,300,문화축제
37344,2023-09,1088,곡성심청축제,곡성심청축제,350,문화축제
37345,2023-09,526,곰소젓갈발효축제,곰소젓갈발효축제,170,문화축제
37346,2023-09,1031,곰취축제,곰취축제,30,문화축제
37347,2023-09,279,공주 석장리 구석기축제,공주석장리구석기축제,17,문화축제
37348,2023-09,170,공주 석장리 세계구석기축제,공주석장리세계구석기축제,80,문화축제
37349,2023-09,300,공주항공축제,공주항공축제,20,문화축제
37350,2023-09,689,광산우리밀축제,광산우리밀축제,20,문화축제
37351,2023-09,1124,광양매화축제,광양매화축제,970,문화축제
37352,2023-09,1127,광양숯불구이축제,광양숯불구이축제,2390,문화축제
37353,2023-09,1126,광양전어축제,광양전어축제,3060,문화축제
37354,2023-09,749,광주 남한산성문화제,광주남한산성문화제,440,문화축제
37355,2023-09,447,광주남한산성문화제,광주남한산성문화제,440,문화축제
37356,2023-09,620,광주세계김치축제,광주세계김치축제,490,문화축제
37357,2023-09,750,광주왕실도자기축제,광주왕실도자기축제,230,문화축제
37358,2023-09,619,광주프린지페스티벌,광주프린지페스티벌,580,문화축제
37359,2023-09,83,괴산고추축제,괴산고추축제,38930,문화축제
37360,2023-09,85,괴산올갱이축제,괴산올갱이축제,10,문화축제
37361,2023-09,146,구로G페스티벌,구로G페스티벌,5980,문화축제
37362,2023-09,563,구름산예술제,구름산예술제,50,문화축제
37363,2023-09,900,군산시간여행축제,군산시간여행축제,12260,문화축제
37364,2023-09,448,군포철쭉축제,군포철쭉축제,250,문화축제
37365,2023-09,375,굿모닝 양림,굿모닝양림,100,문화축제
37366,2023-09,198,금강여울축제,금강여울축제,40,문화축제
37367,2023-09,443,금난새와 함께하는 종로 음악회,금난새와함께하는종로음악회,17,문화축제
37368,2023-09,868,금능 원담축제,금능원담축제,16,문화축제
37369,2023-09,196,금산인삼축제,금산인삼축제,43300,문화축제
37370,2023-09,835,금호강 바람소리길 축제,금호강바람소리길축제,25800,문화축제
37371,2023-09,191,기지시줄다리기 민속축제,기지시줄다리기민속축제,15,문화축제
37372,2023-09,967,김광석노래부르기,김광석노래부르기,70,문화축제
37373,2023-09,973,김광석추모콘서트,김광석추모콘서트,33,문화축제
37374,2023-09,483,김삿갓문화제,김삿갓문화제,2510,문화축제
37375,2023-09,1153,김유정문학제,김유정문학제,18,문화축제
37376,2023-09,367,김천국제가족연극제,김천국제가족연극제,20,문화축제
37377,2023-09,368,김천예술제,김천예술제,180,문화축제
37379,2023-09,237,김해독서대전,김해독서대전,180,문화축제
37380,2023-09,236,김해분청도자기축제,김해분청도자기축제,2120,문화축제
37381,2023-09,630,남도음식문화큰잔치,남도음식문화큰잔치,2140,문화축제
37382,2023-09,431,남부면 수국축제,남부면수국축제,160,문화축제
37383,2023-09,661,남산상봉제,남산상봉제,1770,문화축제
37384,2023-09,560,남이흥장군 문화제,남이흥장군문화제,12,문화축제
37385,2023-09,1091,내 집 앞 세계영화제,내집앞세계영화제,150,문화축제
37386,2023-09,304,노원등축제,노원등축제,40,문화축제
37387,2023-09,305,노원탈축제,노원탈축제,1110,문화축제
37388,2023-09,186,논산딸기축제,논산딸기축제,2040,문화축제
37389,2023-09,29,단감축제,단감축제,250,문화축제
37390,2023-09,480,단종문화제,단종문화제,110,문화축제
37391,2023-09,477,달구벌목민관축제,달구벌목민관축제,15,문화축제
37392,2023-09,466,달마고도 걷기축제,달마고도걷기축제,45,문화축제
37393,2023-09,39,달맞이축제,달맞이축제,470,문화축제
37394,2023-09,474,달성토성마을축제,달성토성마을축제,50,문화축제
37395,2023-09,712,달집태우기,달집태우기,900,문화축제
37396,2023-09,733,담양대나무축제,담양대나무축제,820,문화축제
37397,2023-09,734,담양산타축제,담양산타축제,160,문화축제
37398,2023-09,1082,대관령눈꽃축제,대관령눈꽃축제,750,문화축제
37399,2023-09,697,대구국제뮤지컬페스티벌,대구국제뮤지컬페스티벌,230,문화축제
37400,2023-09,696,대구국제오페라축제,대구국제오페라축제,1200,문화축제
37401,2023-09,695,대구국제재즈축제,대구국제재즈축제,580,문화축제
37402,2023-09,705,대구국제패션문화페스티벌,대구국제패션문화페스티벌,11,문화축제
37403,2023-09,703,대구국제호러페스티벌,대구국제호러페스티벌,18,문화축제
37404,2023-09,957,대구스트리트 모터 페스티벌,대구스트리트모터페스티벌,60,문화축제
37405,2023-09,700,대구약령시한방문화축제,대구약령시한방문화축제,90,문화축제
37406,2023-09,954,대구워터페스티벌,대구워터페스티벌,22,문화축제
37407,2023-09,702,대구치맥페스티벌,대구치맥페스티벌,67760,문화축제
37408,2023-09,701,대구포크페스티벌,대구포크페스티벌,2020,문화축제
37409,2023-09,912,대구화교중화문화축제,대구화교중화문화축제,17,문화축제
37410,2023-09,884,덕수리 전통민속축제,덕수리전통민속축제,20,문화축제
37411,2023-09,15,도봉구 등축제,도봉구등축제,50,문화축제
37412,2023-09,1015,독일마을 맥주축제,독일마을맥주축제,15080,문화축제
37413,2023-09,481,동강국제사진제,동강국제사진제,1280,문화축제
37414,2023-09,636,동두천 청소년 별자리과학 축제,동두천청소년별자리과학축제,20,문화축제
37415,2023-09,637,동두천시 자원봉사 축제,동두천시자원봉사축제,20,문화축제
37416,2023-09,768,동래읍성역사축제,동래읍성역사축제,3800,문화축제
37417,2023-09,911,동성로축제,동성로축제,830,문화축제
37418,2023-09,663,동춘당문화제,동춘당문화제,28,문화축제
37419,2023-09,907,동해무릉제,동해무릉제,29840,문화축제
37420,2023-09,178,류방택 별 축제,류방택별축제,50,문화축제
37421,2023-09,656,마산가고파국화축제,마산가고파국화축제,150,문화축제
37422,2023-09,660,마산만날제,마산만날제,1440,문화축제
37423,2023-09,478,마토예술제,마토예술제,200,문화축제
37424,2023-09,629,명량대첩축제,명량대첩축제,25020,문화축제
37425,2023-09,82,목도백중놀이,목도백중놀이,130,문화축제
37426,2023-09,892,목포항구축제,목포항구축제,11210,문화축제
37427,2023-09,327,무장읍성축제,무장읍성축제,13,문화축제
37428,2023-09,174,무창포신비의바닷길축제,무창포신비의바닷길축제,1220,문화축제
37429,2023-09,579,문경사과축제,문경사과축제,30400,문화축제
37430,2023-09,577,문경약돌한우축제,문경약돌한우축제,6060,문화축제
37431,2023-09,578,문경오미자축제,문경오미자축제,36260,문화축제
37432,2023-09,576,문경찻사발축제,문경찻사발축제,740,문화축제
37433,2023-09,1054,민둥산억새꽃축제,민둥산억새꽃축제,4700,문화축제
37434,2023-09,128,밀양아리랑대축제,밀양아리랑대축제,280,문화축제
37435,2023-09,432,바다로 세계로,바다로세계로,130,문화축제
37436,2023-09,496,반딧불축제,반딧불축제,31950,문화축제
37437,2023-09,1033,배꼽축제,배꼽축제,2300,문화축제
37438,2023-09,756,배내골사과축제,배내골사과축제,50,문화축제
37439,2023-09,26,백양단풍축제,백양단풍축제,40,문화축제
37440,2023-09,277,백제 어울마당,백제어울마당,40,문화축제
37441,2023-09,38,백제문화제,백제문화제,111300,문화축제
37442,2023-09,522,벌교꼬막축제,벌교꼬막축제,1420,문화축제
37443,2023-09,640,법성포단오제,법성포단오제,70,문화축제
37444,2023-09,173,보령머드축제,보령머드축제,6770,문화축제
37445,2023-09,593,보석대축제,보석대축제,13,문화축제
37446,2023-09,519,보성다향대축제,보성다향대축제,190,문화축제
37447,2023-09,524,보성전어축제,보성전어축제,490,문화축제
37448,2023-09,521,보성차밭 빛축제,보성차밭빛축제,90,문화축제
37449,2023-09,722,보수동책방골목문화축제,보수동책방골목문화축제,14,문화축제
37450,2023-09,1116,보은대추축제,보은대추축제,49810,문화축제
37451,2023-09,1121,봉계한우불고기축제,봉계한우불고기축제,930,문화축제
37452,2023-09,914,봉산미술제,봉산미술제,14,문화축제
37453,2023-09,732,봉화송이축제,봉화송이축제,29710,문화축제
37454,2023-09,731,봉화은어축제,봉화은어축제,1150,문화축제
37455,2023-09,780,부산 차이나타운특구 문화축제,부산차이나타운특구문화축제,330,문화축제
37456,2023-09,1108,부산고등어축제,부산고등어축제,4420,문화축제
37457,2023-09,743,부산국제록페스티벌,부산국제록페스티벌,3530,문화축제
37458,2023-09,723,부산국제영화제 전야제,부산국제영화제전야제,140,문화축제
37459,2023-09,742,부산바다축제,부산바다축제,820,문화축제
37460,2023-09,744,부산불꽃축제,부산불꽃축제,136200,문화축제
37461,2023-09,724,부산자갈치축제,부산자갈치축제,5930,문화축제
37462,2023-09,726,부산크리스마스트리문화축제,부산크리스마스트리문화축제,12,문화축제
37463,2023-09,747,부산항축제,부산항축제,570,문화축제
37464,2023-09,525,부안마실축제,부안마실축제,250,문화축제
37465,2023-09,37,부여서동연꽃축제,부여서동연꽃축제,410,문화축제
37466,2023-09,450,부천국제만화축제,부천국제만화축제,19830,문화축제
37467,2023-09,906,부천국제애니메이션페스티벌,부천국제애니메이션페스티벌,2260,문화축제
37468,2023-09,901,부천국제판타스틱영화제,부천국제판타스틱영화제,720,문화축제
37469,2023-09,904,부천세계비보이대회,부천세계비보이대회,30,문화축제
37470,2023-09,902,부천전국비보이대회,부천전국비보이대회,16,문화축제
37471,2023-09,142,분당구민 한마음 축제,분당구민한마음축제,16,문화축제
37472,2023-09,641,불갑산상사화축제,불갑산상사화축제,2820,문화축제
37473,2023-09,161,불볼락 축제,불볼락축제,120,문화축제
37474,2023-09,75,블랙뮤직페스티벌,블랙뮤직페스티벌,1980,문화축제
37475,2023-09,46,사량도 옥녀봉 축제,사량도옥녀봉축제,26,문화축제
37476,2023-09,108,사선문화제,사선문화제,1630,문화축제
37477,2023-09,28,산소축제,산소축제,80,문화축제
37478,2023-09,674,산지천 축제,산지천축제,3710,문화축제
37479,2023-09,271,산청 경호강 물 페스티벌,산청경호강물페스티벌,10,문화축제
37480,2023-09,272,산청황매산철쭉제,산청황매산철쭉제,14,문화축제
37481,2023-09,110,산타축제,산타축제,20,문화축제
37482,2023-09,181,삼길포우럭축제,삼길포우럭축제,1680,문화축제
37483,2023-09,393,삼척동해왕이사부독도축제,삼척동해왕이사부독도축제,30,문화축제
37484,2023-09,389,삼척맹방유채꽃축제,삼척맹방유채꽃축제,37,문화축제
37485,2023-09,391,삼척장미축제,삼척장미축제,120,문화축제
37486,2023-09,394,삼척평생학습박람회,삼척평생학습박람회,18,문화축제
37487,2023-09,390,삼척황영조국제마라톤대회,삼척황영조국제마라톤대회,15,문화축제
37488,2023-09,559,삽교호조개구이 축제,삽교호조개구이축제,630,문화축제
37489,2023-09,8,상주 이야기축제,상주이야기축제,40,문화축제
37490,2023-09,634,상패남산축제,상패남산축제,30,문화축제
37491,2023-09,596,생거진천 문화축제,생거진천문화축제,9320,문화축제
37492,2023-09,888,서귀포 3분 관광영화제,서귀포3분관광영화제,80,문화축제
37493,2023-09,838,서귀포겨울바다 국제펭귄수영대회,서귀포겨울바다국제펭귄수영대회,17,문화축제
37494,2023-09,883,서귀포칠십리축제,서귀포칠십리축제,1530,문화축제
37495,2023-09,388,서리풀페스티벌,서리풀페스티벌,100000,문화축제
37496,2023-09,898,서면메디컬스트리트 축제,서면메디컬스트리트축제,40,문화축제
37497,2023-09,180,서산6쪽마늘축제,서산6쪽마늘축제,20,문화축제
37498,2023-09,185,서산국화축제,서산국화축제,4830,문화축제
37499,2023-09,649,서산시국화축제,서산시국화축제,20,문화축제
37500,2023-09,183,서산어리굴젓축제,서산어리굴젓축제,29,문화축제
37501,2023-09,648,서산해미읍성역사체험축제,서산해미읍성역사체험축제,20,문화축제
37502,2023-09,184,서산해미읍성축제,서산해미읍성축제,10520,문화축제
37503,2023-09,676,서울약령시 한방문화축제,서울약령시한방문화축제,60,문화축제
37504,2023-09,125,서울장미축제,서울장미축제,610,문화축제
37505,2023-09,618,서창만드리풍년제,서창만드리풍년제,50,문화축제
37506,2023-09,520,서편제보성소리축제,서편제보성소리축제,30,문화축제
37507,2023-09,113,석촌호수벚꽃축제,석촌호수벚꽃축제,260,문화축제
37508,2023-09,677,선농대제,선농대제,14,문화축제
37509,2023-09,794,선사문화축제,선사문화축제,2950,문화축제
37510,2023-09,405,설봉산별빛축제,설봉산별빛축제,40,문화축제
37511,2023-09,782,설성문화제,설성문화제,830,문화축제
37512,2023-09,1111,설화예술제,설화예술제,100,문화축제
37513,2023-09,1024,섬강축제,섬강축제,70,문화축제
37514,2023-09,1052,성류문화제,성류문화제,90,문화축제
37515,2023-09,837,성산일출축제,성산일출축제,50,문화축제
37516,2023-09,727,세계 민속춤 축제,세계민속춤축제,1540,문화축제
37517,2023-09,678,세계거리춤축제,세계거리춤축제,1540,문화축제
37518,2023-09,624,세계청년축제,세계청년축제,15,문화축제
37519,2023-09,652,세종 조치원 복숭아  축제,세종조치원복숭아축제,160,문화축제
37520,2023-09,24,세종대왕과 초정약수 축제,세종대왕과초정약수축제,1780,문화축제
37521,2023-09,651,세종축제,세종축제,30070,문화축제
37522,2023-09,752,소래포구축제,소래포구축제,190600,문화축제
37523,2023-09,1141,소양강문화제,소양강문화제,5280,문화축제
37524,2023-09,882,쇠소깍축제,쇠소깍축제,3520,문화축제
37525,2023-09,153,수선화축제,수선화축제,200,문화축제
37526,2023-09,716,수성 건강 축제,수성건강축제,40,문화축제
37527,2023-09,715,수성못 페스티벌,수성못페스티벌,59020,문화축제
37528,2023-09,451,수원화성문화제,수원화성문화제,14290,문화축제
37529,2023-09,144,수정숯골축제,수정숯골축제,15,문화축제
37530,2023-09,438,순창장류축제,순창장류축제,7320,문화축제
37531,2023-09,866,스테핑스톤페스티벌,스테핑스톤페스티벌,50,문화축제
37532,2023-09,1036,시래기축제,시래기축제,59,문화축제
37533,2023-09,452,시흥갯골축제,시흥갯골축제,64010,문화축제
37534,2023-09,151,신안튤립축제,신안튤립축제,390,문화축제
37535,2023-09,1110,신정호 별빛축제,신정호별빛축제,38,문화축제
37536,2023-09,195,심훈상록문화제,심훈상록문화제,4100,문화축제
37537,2023-09,175,아산성웅이순신축제,아산성웅이순신축제,190,문화축제
37538,2023-09,675,아트제주2019,아트제주,140,문화축제
37539,2023-09,531,안동국제탈춤축제,안동국제탈춤축제,180,문화축제
37540,2023-09,530,안동민속축제,안동민속축제,80,문화축제
37541,2023-09,815,안산 대부포도축제,안산대부포도축제,1780,문화축제
37542,2023-09,804,안산국제거리극축제,안산국제거리극축제,320,문화축제
37543,2023-09,816,안산사이언스밸리(ASV) 과학축제,안산사이언스밸리과학축제,420,문화축제
37544,2023-09,454,안성맞춤남사당바우덕이축제,안성맞춤남사당바우덕이축제,2960,문화축제
37545,2023-09,938,약령개장 357주년 2015「대구약령시 한방문화축제」,대구약령시한방문화축제,90,문화축제
37546,2023-09,1035,양록제,양록제,540,문화축제
37547,2023-09,759,양산삽량문화축전,양산삽량문화축전,8840,문화축제
37548,2023-09,758,양산웅상회야제,양산웅상회야제,70,문화축제
37549,2023-09,410,양양문화제,양양문화제,50,문화축제
37550,2023-09,408,양양송이축제,양양송이축제,21000,문화축제
37551,2023-09,409,양양연어축제,양양연어축제,3270,문화축제
37552,2023-09,188,양촌곶감축제,양촌곶감축제,80,문화축제
37553,2023-09,455,양평용문산산나물축제,양평용문산산나물축제,80,문화축제
37554,2023-09,1041,억새꽃 축제,억새꽃축제,390,문화축제
37555,2023-09,800,여르미오페스티벌,여르미오페스티벌,690,문화축제
37556,2023-09,357,여수거북선축제,여수거북선축제,440,문화축제
37557,2023-09,362,여수동동북축제,여수동동북축제,90,문화축제
37558,2023-09,364,여수마칭페스티벌,여수마칭페스티벌,810,문화축제
37559,2023-09,360,여수밤바다 불꽃축제,여수밤바다불꽃축제,16010,문화축제
37560,2023-09,358,여수여자만갯벌노을체험행사,여수여자만갯벌노을체험행사,60,문화축제
37561,2023-09,356,여수영취산진달래체험행사,여수영취산진달래체험행사,14,문화축제
37562,2023-09,456,여주오곡나루축제,여주오곡나루축제,5150,문화축제
37563,2023-09,537,연산대추축제,연산대추축제,2350,문화축제
37564,2023-09,538,연산백중놀이,연산백중놀이,30,문화축제
37565,2023-09,1076,연안부두 축제,연안부두축제,1440,문화축제
37566,2023-09,457,연천구석기축제,연천구석기축제,1380,문화축제
37567,2023-09,229,영덕대게축제,영덕대게축제,1630,문화축제
37568,2023-09,231,영덕물가자미축제,영덕물가자미축제,60,문화축제
37569,2023-09,230,영덕황금은어축제,영덕황금은어축제,30,문화축제
37570,2023-09,491,영암왕인문화축제,영암왕인문화축제,160,문화축제
37571,2023-09,340,영천문화예술제,영천문화예술제,710,문화축제
37572,2023-09,341,영천보현산별빛축제,영천보현산별빛축제,3860,문화축제
37573,2023-09,339,영천한약축제,영천한약축제,720,문화축제
37574,2023-09,1013,예산장터삼국축제,예산장터삼국축제,2910,문화축제
37575,2023-09,1086,오대산문화축전,오대산문화축전,580,문화축제
37576,2023-09,458,오산독산성문화제,오산독산성문화제,1040,문화축제
37577,2023-09,41,오징어축제,오징어축제,420,문화축제
37578,2023-09,1080,옥천깻잎축제,옥천깻잎축제,60,문화축제
37579,2023-09,717,와룡문화제,와룡문화제,67,문화축제
37580,2023-09,549,완주와일드푸드축제,완주와일드푸드축제,6000,문화축제
37581,2023-09,162,왕새우 축제,왕새우축제,910,문화축제
37582,2023-09,45,욕지 섬 문화축제,욕지섬문화축제,90,문화축제
37583,2023-09,126,용마폭포 문화예술축제,용마폭포문화예술축제,760,문화축제
37584,2023-09,1009,용암산성 옥샘문화재,용암산성옥샘문화재,14,문화축제
37586,2023-09,986,우장산 신록축제,우장산신록축제,10,문화축제
37587,2023-09,1040,운악산단풍축제,운악산단풍축제,290,문화축제
37588,2023-09,51,울산고래축제,울산고래축제,1000,문화축제
37589,2023-09,50,울산대공원 장미축제,울산대공원장미축제,180,문화축제
37590,2023-09,1021,울산쇠부리축제,울산쇠부리축제,110,문화축제
37591,2023-09,1117,울산옹기축제,울산옹기축제,420,문화축제
37592,2023-09,613,울산조선해양축제,울산조선해양축제,290,문화축제
37593,2023-09,1119,울주세계산악영화제,울주세계산악영화제,730,문화축제
37594,2023-09,1051,울진금강송송이축제와 친환경농산물축제,울진금강송송이축제,150,문화축제
37595,2023-09,1049,울진대게와 붉은대게 축제,울진대게와붉은대게축제,100,문화축제
37596,2023-09,278,웅진성수문병 근무교대식,웅진성수문병근무교대식,15,문화축제
37597,2023-09,757,원동매화축제,원동매화축제,30,문화축제
37598,2023-09,1026,원주 다이내믹 댄싱카니발,원주다이내믹댄싱카니발,260,문화축제
37599,2023-09,1025,원주 용수골 꽃 양귀비축제,원주용수골꽃양귀비축제,1040,문화축제
37600,2023-09,1027,원주 한지문화제,원주한지문화제,300,문화축제
37601,2023-09,213,윤봉길평화축제,윤봉길평화축제,19,문화축제
37602,2023-09,1128,은평누리축제,은평누리축제,970,문화축제
37603,2023-09,1114,은행나무길 축제,은행나무길축제,230,문화축제
37604,2023-09,781,음성품바축제,음성품바축제,1830,문화축제
37605,2023-09,495,의왕백운예술제,의왕백운예술제,80,문화축제
37606,2023-09,494,의왕철도축제,의왕철도축제,80,문화축제
37607,2023-09,74,의정부 국제가야금축제,의정부국제가야금축제,11,문화축제
37608,2023-09,73,의정부음악극축제,의정부음악극축제,390,문화축제
37609,2023-09,214,의좋은형제축제,의좋은형제축제,1200,문화축제
37610,2023-09,402,이천도자기축제,이천도자기축제,4790,문화축제
37611,2023-09,407,이천백사산수유꽃축제,이천백사산수유꽃축제,70,문화축제
37612,2023-09,401,이천쌀문화축제,이천쌀문화축제,4500,문화축제
37613,2023-09,404,이천인삼축제,이천인삼축제,680,문화축제
37614,2023-09,869,이호테우축제,이호테우축제,60,문화축제
37615,2023-09,591,익산서동축제,익산서동축제,39520,문화축제
37616,2023-09,687,인삼골축제,인삼골축제,1200,문화축제
37617,2023-09,771,인삼한우명품축제,인삼한우명품축제,18,문화축제
37618,2023-09,872,인제빙어축제,인제빙어축제,750,문화축제
37619,2023-09,413,인천 원도사제,인천원도사제,50,문화축제
37620,2023-09,1069,인천개항장문화재야행,인천개항장문화재야행,26540,문화축제
37621,2023-09,1073,인천상륙작전 월미축제,인천상륙작전월미축제,70,문화축제
37622,2023-09,109,임실N치즈축제,임실N치즈축제,11570,문화축제
37623,2023-09,160,임자도 민어 축제,임자도민어축제,26,문화축제
37624,2023-09,165,입장거봉포도축제,입장거봉포도축제,2590,문화축제
37625,2023-09,528,자라섬 국제재즈페스티벌,자라섬국제재즈페스티벌,180,문화축제
37626,2023-09,192,장고항 실치축제,장고항실치축제,180,문화축제
37627,2023-09,793,장미꽃 필(feel)무렵,장미꽃필무렵,34890,문화축제
37628,2023-09,1022,장미축제,장미축제,1430,문화축제
37629,2023-09,582,장보고수산물축제,장보고수산물축제,20,문화축제
37630,2023-09,276,장수 한우랑 사과랑 축제,장수한우랑사과랑축제,42220,문화축제
37631,2023-09,1146,전국관악경연대회,전국관악경연대회,20,문화축제
37632,2023-09,1147,전국합창경연대회,전국합창경연대회,37,문화축제
37633,2023-09,503,전주국제발효식품엑스포,전주국제발효식품엑스포,570,문화축제
37634,2023-09,497,전주대사습놀이,전주대사습놀이,530,문화축제
37635,2023-09,498,전주세계소리축제,전주세계소리축제,17520,문화축제
37636,2023-09,502,전주한지문화축제,전주한지문화축제,730,문화축제
37637,2023-09,899,전포카페거리축제,전포카페거리축제,70,문화축제
37638,2023-09,1055,정선아리랑제,정선아리랑제,23040,문화축제
37639,2023-09,708,정월대보름 행사,정월대보름행사,90,문화축제
37640,2023-09,369,정월대보름달맞이축제,정월대보름달맞이축제,26,문화축제
37641,2023-09,1138,정월대보름축제,정월대보름축제,80,문화축제
37642,2023-09,342,정월대보름행사,정월대보름행사,90,문화축제
37643,2023-09,355,정조대왕 능행차 공동재현,정조대왕능행차공동재현,2850,문화축제
37644,2023-09,851,제 9회 수월봉 트레일,수월봉트레일,24,문화축제
37645,2023-09,545,제10회 독산성 문화제,독산성문화제,120,문화축제
37646,2023-09,772,제10회 무궁화축제,무궁화축제,170,문화축제
37647,2023-09,6,제11회 마포나루새우젓축제,마포나루새우젓축제,2700,문화축제
37648,2023-09,847,제11회 우도소라축제,우도소라축제,35,문화축제
37649,2023-09,399,제11회 진안고원 수박축제,진안고원수박축제,15,문화축제
37650,2023-09,718,제12회 사천시농업한마당축제,사천시농업한마당축제,190,문화축제
37651,2023-09,269,제12회 지리산산청곶감축제,지리산산청곶감축제,70,문화축제
37652,2023-09,273,제13회 기산국악제전,기산국악제전,730,문화축제
37653,2023-09,1,제13회 영동포도축제,영동포도축제,4380,문화축제
37654,2023-09,69,제13회 전국 어울림 마라톤대회,전국어울림마라톤대회,120,문화축제
37655,2023-09,486,제13회 청도유등제,청도유등제,27,문화축제
37656,2023-09,564,제14회 광명시평생학습축제,광명시평생학습축제,340,문화축제
37657,2023-09,337,제14회 구즉한마당축제,구즉한마당축제,13,문화축제
37658,2023-09,507,제14회 부산국제매직페스티벌,부산국제매직페스티벌,7640,문화축제
37659,2023-09,508,제14회 부산국제어린이청소년영화제,부산국제어린이청소년영화제,310,문화축제
37660,2023-09,581,제14회 시흥갯골축제,시흥갯골축제,64010,문화축제
37661,2023-09,580,제14회 전국해양스포츠제전,전국해양스포츠제전,50,문화축제
37662,2023-09,59,제14회 정읍 구절초꽃축제,정읍구절초꽃축제,340,문화축제
37663,2023-09,89,제15회 구리 코스모스 축제,구리코스모스축제,17570,문화축제
37664,2023-09,88,제15회 구리한강 유채꽃 축제,구리한강유채꽃축제,114,문화축제
37665,2023-09,512,제15회 부산세계불꽃축제,부산세계불꽃축제,370,문화축제
37666,2023-09,761,제15회 영등포 여의도 봄꽃축제,영등포여의도봄꽃축제,70,문화축제
37667,2023-09,540,제15회 영산포 홍어축제,영산포홍어축제,60,문화축제
37668,2023-09,783,제15회 영양산나물축제,영양산나물축제,90,문화축제
37669,2023-09,373,제15회 차성문화제,차성문화제,1070,문화축제
37670,2023-09,34,제15회 파주개성인삼축제,파주개성인삼축제,2110,문화축제
37671,2023-09,567,제16회 광명시평생학습축제,광명시평생학습축제,340,문화축제
37672,2023-09,91,제16회 구리 코스모스 축제,구리코스모스축제,17570,문화축제
37673,2023-09,90,제16회 구리한강 유채꽃 축제,구리한강유채꽃축제,114,문화축제
37674,2023-09,642,제16회 추억의 충장축제,추억의충장축제,530,문화축제
37675,2023-09,92,제17회 구리 유채꽃 축제,구리유채꽃축제,39,문화축제
37676,2023-09,93,제17회 구리 코스모스 축제,구리코스모스축제,17570,문화축제
37677,2023-09,331,제17회 한여름밤의 축제,한여름밤의축제,33,문화축제
37678,2023-09,94,제18회 구리 유채꽃 축제,구리유채꽃축제,39,문화축제
37679,2023-09,95,제18회 구리 코스모스 축제,구리코스모스축제,17570,문화축제
37680,2023-09,1044,제18회 사상강변축제,사상강변축제,1260,문화축제
37681,2023-09,219,제18회 전라병영성 축제,전라병영성축제,20,문화축제
37682,2023-09,671,제18회삼양검은모래축제,삼양검은모래축제,25,문화축제
37683,2023-09,96,제19회 구리 유채꽃 축제,구리유채꽃축제,39,문화축제
37684,2023-09,97,제19회 구리 코스모스 축제,구리코스모스축제,17570,문화축제
37685,2023-09,668,제19회 도두오래물축제,도두오래물축제,36,문화축제
37686,2023-09,270,제19회 산청한방약초축제,산청한방약초축제,12440,문화축제
37687,2023-09,500,제19회 전주국제영화제,전주국제영화제,4510,문화축제
37688,2023-09,779,제19회광안리어방축제,광안리어방축제,410,문화축제
37689,2023-09,1077,제1회 대청호 벚꽃축제,대청호벚꽃축제,19,문화축제
37690,2023-09,809,제1회 상록수문화제,상록수문화제,90,문화축제
37691,2023-09,541,제1회 천년나주목읍성문화축제,천년나주목읍성문화축제,15,문화축제
37692,2023-09,79,제1회의성슈퍼푸드마늘축제,의성슈퍼푸드마늘축제,160,문화축제
37693,2023-09,1029,제20회 만세보령문화제,만세보령문화제,30,문화축제
37694,2023-09,548,제20회 청양고추.구기자축제,청양고추구기자축제,3580,문화축제
37695,2023-09,44,제21회 고성통일명태축제,고성통일명태축제,130,문화축제
37696,2023-09,5,제22회 과천축제,과천축제,27730,문화축제
37697,2023-09,1122,제22회 무안연꽃축제,무안연꽃축제,1720,문화축제
37698,2023-09,1028,제22회 보령머드축제,보령머드축제,6770,문화축제
37699,2023-09,769,제22회 찰옥수수축제,찰옥수수축제,13,문화축제
37700,2023-09,371,제23회 단양온달문화축제,단양온달문화축제,1500,문화축제
37701,2023-09,35,제23회 파주장단콩축제,파주장단콩축제,2750,문화축제
37702,2023-09,1104,제23회 황매산철쭉제,황매산철쭉제,20,문화축제
37703,2023-09,319,제24회 봉화산 철쭉제,봉화산철쭉제,10,문화축제
37704,2023-09,511,제24회 부산국제영화제,부산국제영화제,242000,문화축제
37705,2023-09,509,제24회 부산바다축제,부산바다축제,820,문화축제
37706,2023-09,510,제24회 송정해변축제,송정해변축제,17,문화축제
37707,2023-09,222,제25회 남도음식문화큰잔치,남도음식문화큰잔치,2140,문화축제
37708,2023-09,318,제25회 지리산 바래봉 철쭉제,지리산바래봉철쭉제,14,문화축제
37709,2023-09,895,제26회 연천구석기축제,연천구석기축제,1380,문화축제
37710,2023-09,568,제26회 오리문화제,오리문화제,30,문화축제
37711,2023-09,1101,제27회 영도다리축제,영도다리축제,13820,문화축제
37712,2023-09,1155,제27회 화도진축제,화도진축제,790,문화축제
37713,2023-09,685,제28회 함안낙화놀이,함안낙화놀이,10280,문화축제
37714,2023-09,1156,제28회 화도진축제,화도진축제,790,문화축제
37715,2023-09,1157,제29회 화도진축제,화도진축제,790,문화축제
37716,2023-09,810,제2회 상록수문화제,상록수문화제,90,문화축제
37717,2023-09,58,제30회 정읍사문화제,정읍사문화제,310,문화축제
37718,2023-09,1158,제30회 화도진축제,화도진축제,790,문화축제
37719,2023-09,32,제32회 율곡문화제,율곡문화제,310,문화축제
37720,2023-09,683,제32회 함안아라문화제,함안아라문화제,35,문화축제
37721,2023-09,234,제33회 비사벌문화제,비사벌문화제,270,문화축제
37722,2023-09,1103,제35회 대야문화제,대야문화제,1110,문화축제
37723,2023-09,43,제37회 고성군민의 날 및 수성문화제,고성군민의날및수성문화제,290,문화축제
37724,2023-09,372,제37회 단양소백산철쭉제,단양소백산철쭉제,30,문화축제
37725,2023-09,846,제37회 제주유채꽃축제,제주유채꽃축제,120,문화축제
37726,2023-09,221,제3회 강진만 춤추는 갈대축제,강진만춤추는갈대축제,260,문화축제
37727,2023-09,130,제3회 낙동강세계평화 문화대축전,낙동강세계평화문화대축전,4520,문화축제
37728,2023-09,332,제3회 노은3동한마음축제,노은3동한마음축제,25,문화축제
37729,2023-09,811,제3회 상록수문화제,상록수문화제,90,문화축제
37730,2023-09,775,제3회 홍천사과축제,홍천사과축제,920,문화축제
37731,2023-09,268,제43회 남명선비문화축제,남명선비문화축제,110,문화축제
37732,2023-09,218,제46회 강진청자축제,강진청자축제,610,문화축제
37733,2023-09,377,제47회 신라문화제,신라문화제,8220,문화축제
37734,2023-09,1066,제47회의병제전,의병제전,18,문화축제
37735,2023-09,132,제4회 낙동강세계평화 문화대축전,낙동강세계평화문화대축전,4520,문화축제
37736,2023-09,812,제4회 상록수문화제,상록수문화제,90,문화축제
37737,2023-09,776,제4회 서석면 코스모스 축제,서석면코스모스축제,150,문화축제
37738,2023-09,129,제4회 칠곡 세계 인형음악극 축제,칠곡세계인형음악극축제,15,문화축제
37739,2023-09,2,제50회 영동난계국악축제,영동난계국악축제,2750,문화축제
37740,2023-09,60,제52회 황토현동학농민혁명기념제,황토현동학농민혁명기념제,28,문화축제
37741,2023-09,383,제56회 수원화성문화제,수원화성문화제,14290,문화축제
37742,2023-09,778,제58회 천령문화제,천령문화제,20,문화축제
37743,2023-09,539,제5회 나주마한문화축제,나주마한문화축제,13,문화축제
37744,2023-09,134,제5회 낙동강세계평화 문화대축전,낙동강세계평화문화대축전,4520,문화축제
37745,2023-09,813,제5회 상록수문화제,상록수문화제,90,문화축제
37746,2023-09,542,제5회 오산천 두바퀴 축제,오산천두바퀴축제,11,문화축제
37747,2023-09,131,제5회 칠곡 세계 인형음악극 축제,칠곡세계인형음악극축제,15,문화축제
37748,2023-09,282,제63회 백제문화제,백제문화제,111300,문화축제
37749,2023-09,291,제64회 백제문화제,백제문화제,111300,문화축제
37750,2023-09,302,제65회 백제문화제,백제문화제,111300,문화축제
37751,2023-09,858,제6회 국제전기자동차엑스포,국제전기자동차엑스포,90,문화축제
37752,2023-09,136,제6회 낙동강세계평화 문화대축전,낙동강세계평화문화대축전,4520,문화축제
37753,2023-09,814,제6회 상록수문화제,상록수문화제,90,문화축제
37754,2023-09,133,제6회 칠곡 세계 인형음악극 축제,칠곡세계인형음악극축제,15,문화축제
37755,2023-09,137,제7회 낙동강세계평화문화 대축전,낙동강세계평화문화대축전,4520,문화축제
37756,2023-09,124,제7회 도심 속 바다축제,도심속바다축제,80,문화축제
37757,2023-09,135,제7회 칠곡 세계 인형음악극 축제,칠곡세계인형음악극축제,15,문화축제
37758,2023-09,317,제89회 춘향제,춘향제,920,문화축제
37759,2023-09,240,제8회 낙동강 구포나루 축제,낙동강구포나루축제,550,문화축제
37760,2023-09,3,제8회 대한민국와인축제,대한민국와인축제,1310,문화축제
37761,2023-09,897,제8회 북페스티벌,북페스티벌,1250,문화축제
37762,2023-09,336,제9회 관평골축제,관평골축제,35,문화축제
37763,2023-09,840,제주 라프 별빛축제,제주라프별빛축제,20,문화축제
37764,2023-09,860,제주국제관광마라톤축제,제주국제관광마라톤축제,13,문화축제
37765,2023-09,843,제주들불축제,제주들불축제,1490,문화축제
37766,2023-09,842,제주왕벚꽃축제,제주왕벚꽃축제,40,문화축제
37767,2023-09,839,제주윈터페스티벌,제주윈터페스티벌,14,문화축제
37768,2023-09,875,제주유채꽃축제,제주유채꽃축제,120,문화축제
37769,2023-09,855,제주푸드앤와인페스티벌,제주푸드앤와인페스티벌,90,문화축제
37770,2023-09,865,제주해비치아트페스티벌,제주해비치아트페스티벌,70,문화축제
37771,2023-09,99,제천국제음악영화제,제천국제음악영화제,1050,문화축제
37772,2023-09,100,제천의병제,제천의병제,90,문화축제
37773,2023-09,720,조선통신사 축제,조선통신사축제,70,문화축제
37774,2023-09,227,종교연합바자회,종교연합바자회,14,문화축제
37775,2023-09,411,주안미디어문화축제,주안미디어문화축제,140,문화축제
37776,2023-09,885,중문칠선녀축제,중문칠선녀축제,180,문화축제
37777,2023-09,321,지리산 뱀사골 단풍제,지리산뱀사골단풍제,170,문화축제
37778,2023-09,114,진주남강유등축제,진주남강유등축제,85900,문화축제
37779,2023-09,118,진주논개제,진주논개제,290,문화축제
37780,2023-09,654,진해군항제,진해군항제,2650,문화축제
37781,2023-09,1113,짚풀문화제,짚풀문화제,120,문화축제
37782,2023-09,52,처용문화제,처용문화제,110,문화축제
37783,2023-09,592,천만송이 국화축제,천만송이국화축제,90,문화축제
37784,2023-09,635,천사마라톤대회,천사마라톤대회,17,문화축제
37785,2023-09,166,천안성환배축제,천안성환배축제,440,문화축제
37786,2023-09,164,천안예술제,천안예술제,19,문화축제
37787,2023-09,169,천안춤영화제,천안춤영화제,230,문화축제
37788,2023-09,167,천안호두축제,천안호두축제,910,문화축제
37789,2023-09,163,천안흥타령춤축제,천안흥타령춤축제,8640,문화축제
37790,2023-09,711,천을산 해맞이,천을산해맞이,11,문화축제
37791,2023-09,679,청룡문화제,청룡문화제,110,문화축제
37792,2023-09,831,청소년어울림마당 1회차,청소년어울림마당,610,문화축제
37793,2023-09,832,청소년어울림마당 2회차,청소년어울림마당,610,문화축제
37794,2023-09,224,청송사과축제,청송사과축제,18250,문화축제
37795,2023-09,209,청양고추.구기자축제,청양고추구기자축제,3580,문화축제
37796,2023-09,23,청원생명축제,청원생명축제,14260,문화축제
37797,2023-09,626,추억의충장축제,추억의충장축제,530,문화축제
37798,2023-09,670,추자도 참굴비 대축제,추자도참굴비대축제,160,문화축제
37799,2023-09,1154,춘천가족음악축제,춘천가족음악축제,12,문화축제
37800,2023-09,1151,춘천국제고음악제,춘천국제고음악제,130,문화축제
37801,2023-09,1139,춘천마임축제,춘천마임축제,1010,문화축제
37802,2023-09,1140,춘천연극제,춘천연극제,850,문화축제
37803,2023-09,1142,춘천인형극제,춘천인형극제,5730,문화축제
37804,2023-09,116,코리아드라마페스티벌,코리아드라마페스티벌,1250,문화축제
37805,2023-09,639,크리스마스트리축제,크리스마스트리축제,16,문화축제
37806,2023-09,841,탐라국입춘굿놀이,탐라국입춘굿놀이,11,문화축제
37807,2023-09,890,태백산눈축제,태백산눈축제,910,문화축제
37808,2023-09,728,태조 이성계 축제,태조이성계축제,60,문화축제
37809,2023-09,49,태화강 연등축제,태화강연등축제,20,문화축제
37810,2023-09,48,통영한산대첩축제,통영한산대첩축제,490,문화축제
37811,2023-09,603,통일로 문화축제,통일로문화축제,490,문화축제
37812,2023-09,751,퇴촌토마토축제,퇴촌토마토축제,790,문화축제
37813,2023-09,31,파주북소리2019,파주북소리,660,문화축제
37814,2023-09,460,파주장단콩축제,파주장단콩축제,2750,문화축제
37815,2023-09,1007,팔공산 단풍축제,팔공산단풍축제,180,문화축제
37816,2023-09,1008,팔공산 벚꽃축제,팔공산벚꽃축제,19,문화축제
37817,2023-09,179,팔봉산감자축제,팔봉산감자축제,20,문화축제
37818,2023-09,1039,평생학습축제,평생학습축제,910,문화축제
37819,2023-09,1083,평창더위사냥축제,평창더위사냥축제,60,문화축제
37820,2023-09,1085,평창백일홍축제,평창백일홍축제,58850,문화축제
37821,2023-09,1081,평창송어축제,평창송어축제,3210,문화축제
37822,2023-09,1084,평창효석문화제,평창효석문화제,23840,문화축제
37823,2023-09,149,포은문화제,포은문화제,1000,문화축제
37824,2023-09,1037,포천시민의날 행사,포천시민의날행사,90,문화축제
37825,2023-09,343,포항국제불빛축제,포항국제불빛축제,710,문화축제
37826,2023-09,345,포항운하축제,포항운하축제,2600,문화축제
37827,2023-09,107,필봉마을굿축제,필봉마을굿축제,20,문화축제
37828,2023-09,876,한라산청정 고사리축제,한라산청정고사리축제,30,문화축제
37829,2023-09,853,한라산청정고사리축제,한라산청정고사리축제,30,문화축제
37830,2023-09,207,한산모시문화제,한산모시문화제,150,문화축제
37831,2023-09,112,한성백제문화제,한성백제문화제,72080,문화축제
37832,2023-09,193,한진포구 바지락 갯벌체험축제,한진포구바지락갯벌체험축제,28,문화축제
37833,2023-09,1053,함백산야생화축제,함백산야생화축제,160,문화축제
37834,2023-09,833,해맞이 행사,해맞이행사,30,문화축제
37835,2023-09,228,해맞이축제,해맞이축제,250,문화축제
37836,2023-09,1010,해맞이행사,해맞이행사,30,문화축제
37837,2023-09,739,해운대 북극곰축제,해운대북극곰축제,50,문화축제
37838,2023-09,403,햇사레장호원복숭아축제,햇사레장호원복숭아축제,6770,문화축제
37839,2023-09,936,향촌동수제화골목 2014년「빨간구두 이야기」,향촌동수제화골목,26,문화축제
37840,2023-09,941,향촌동수제화골목 2015년「빨간구두 이야기」,향촌동수제화골목,26,문화축제
37841,2023-09,948,향촌동수제화골목 2016년「빨간구두 이야기」,향촌동수제화골목,26,문화축제
37842,2023-09,959,향촌동수제화골목 2017년「빨간구두 이야기」,향촌동수제화골목,26,문화축제
37843,2023-09,972,향촌동수제화골목 2018년「빨간구두 이야기」,향촌동수제화골목,26,문화축제
37844,2023-09,988,허준축제,허준축제,7440,문화축제
37845,2023-09,1107,현인가요제,현인가요제,10610,문화축제
37846,2023-09,699,형형색색달구벌관등놀이,형형색색달구벌관등놀이,30,문화축제
37847,2023-09,347,호미곶한민족해맞이축전,호미곶한민족해맞이축전,12,문화축제
37848,2023-09,25,홍길동축제,홍길동축제,70,문화축제
37849,2023-09,588,홍성남당항 대하축제,홍성남당항대하축제,90800,문화축제
37850,2023-09,590,홍성남당항 새조개축제,홍성남당항새조개축제,17,문화축제
37851,2023-09,211,홍성남당항대하축제,홍성남당항대하축제,90800,문화축제
37852,2023-09,212,홍성남당항새조개축제,홍성남당항새조개축제,17,문화축제
37853,2023-09,210,홍성역사인물축제,홍성역사인물축제,250,문화축제
37854,2023-09,206,홍원항 자연산 전어.꽃게 축제,홍원항자연산전어꽃게축제,40,문화축제
37855,2023-09,461,화성뱃놀이축제,화성뱃놀이축제,840,문화축제
37856,2023-09,790,화순 국화향연,화순국화향연,1740,문화축제
37857,2023-09,787,화순운주문화축제,화순운주문화축제,14,문화축제
37858,2023-09,870,황태축제,황태축제,22,문화축제
37859,2023-09,1045,횡성한우축제,횡성한우축제,48770,문화축제
37860,2023-09,585,효문화뿌리축제,효문화뿌리축제,180,문화축제
37861,2023-09,155,흑산도홍어축제,흑산도홍어축제,17,문화축제
37862,2023-09,320,흥부제,흥부제,1790,문화축제
37863,2023-09,795,희망달서 큰잔치,희망달서큰잔치,180,문화축제
